word,exclude
acorn,0
acute,0
aloha,0
alone,0
along,0
amber,0
apple,0
bongo,0
beeps,0
buddy,0
clock,0
crass,0
crime,0
crumb,0
crypt,0
cubed,0
daunt,0
death,0
deter,0
diary,0
djinn,0
drain,0
drops,0
easel,0
earns,0
flame,0
flute,0
freak,0
ghost,0
gloom,0
group,0
hello,0
horse,0
ideal,0
igloo,0
jumps,0
jazzy,0
kills,0
knife,0
lapis,0
later,0
leaps,0
maybe,0
mouth,0
murky,0
night,0
noose,0
odors,0
opine,0
piled,0
prick,0
prism,0
queen,0
quote,0
rainy,0
rules,0
sarin,0
space,0
stars,0
sting,0
scary,0
trine,0
tread,0
tryst,0
urine,0
umbra,0
union,0
unary,0
value,0
vices,0
video,0
where,0
wring,0
weepy,0
wonky,0
worst,0
xenia,0
xenon,0
xerox,0
yells,0
yodel,0
young,0
youth,0
yurts,0
zebra,0
zesty,0
zilch,0
zonal,0
zooms,0
abalone,0
abandon,0
aerobic,0
buckled,0
buddies,0
bottoms,0
crackle,0
capital,0
dankest,0
dissent,0
earplug,0
elysian,0
eternal,0
expunge,0
exploit,0
fateful,0
foxtrot,0
fuchsia,0
gaseous,0
gazelle,0
gimmick,0
goodbye,0
heinous,0
hellbox,0
hypoxia,0
ideally,0
isolate,0
jacuzzi,0
jesting,0
jughead,0
junkies,0
katydid,0
knavish,0
lacquer,0
lateral,0
lettuce,0
lexicon,0
lurking,0
married,0
mugwort,0
mummify,0
neither,0
nucleus,0
octopus,0
outside,0
paprika,0
pumpkin,0
recycle,0
rejoice,0
rummage,0
sadness,0
satchel,0
shamble,0
tadpole,0
treetop,0
uncoded,0
upstart,0
valiant,0
veering,0
volcano,0
wannabe,0
windbag,0
yawning,0
younger,0
zipping,0
zygotes,0
alongside,0
andromeda,0
apathetic,0
ballistic,0
benchmark,0
blackmail,0
blasphemy,0
centurion,0
checkmate,0
chubbiest,0
cosmonaut,0
demagogue,0
dignified,0
dubiously,0
emergency,0
existence,0
firetruck,0
fruitless,0
grayscale,0
gunpowder,0
hairbrush,0
hyperlink,0
impulsive,0
insidious,0
jumpsuits,0
jitterbug,0
kingmaker,0
knockdown,0
legendary,0
lumbering,0
manticore,0
mausoleum,0
mutations,0
nightclub,0
numbskull,0
otherness,0
pantomime,0
phenotype,0
pistachio,0
quickness,0
quadratic,0
racketeer,0
reinstall,0
scripture,0
spearfish,0
tantalize,0
thinkable,0
trappings,0
uncovered,0
upwelling,0
verminous,0
visualize,0
volunteer,0
whitewash,0
worksheet,0
wuthering,0
wrestling,0
wuthering,0
xylophone,0
yodellers,0
zookeeper,0
zucchinis,0
